-- --------------------------------------------------------
-- Host:                         127.0.0.1
-- Server version:               5.7.24 - MySQL Community Server (GPL)
-- Server OS:                    Win64
-- HeidiSQL Version:             10.2.0.5599
-- --------------------------------------------------------

/*!40101 SET @OLD_CHARACTER_SET_CLIENT=@@CHARACTER_SET_CLIENT */;
/*!40101 SET NAMES utf8 */;
/*!50503 SET NAMES utf8mb4 */;
/*!40014 SET @OLD_FOREIGN_KEY_CHECKS=@@FOREIGN_KEY_CHECKS, FOREIGN_KEY_CHECKS=0 */;
/*!40101 SET @OLD_SQL_MODE=@@SQL_MODE, SQL_MODE='NO_AUTO_VALUE_ON_ZERO' */;


-- Dumping database structure for dev0_cluster
DROP DATABASE IF EXISTS `dev0_cluster`;
CREATE DATABASE IF NOT EXISTS `dev0_cluster` /*!40100 DEFAULT CHARACTER SET latin1 */;
USE `dev0_cluster`;

-- Dumping structure for table dev0_cluster.nilai_kelas
DROP TABLE IF EXISTS `nilai_kelas`;
CREATE TABLE IF NOT EXISTS `nilai_kelas` (
  `id` int(11) NOT NULL AUTO_INCREMENT,
  `kelas` varchar(50) DEFAULT NULL,
  `agama` int(11) NOT NULL,
  `pkn` int(11) NOT NULL,
  `bind` int(11) NOT NULL,
  `bing` int(11) NOT NULL,
  `mtk` int(11) NOT NULL,
  `fisika` int(11) NOT NULL,
  `biologi` int(11) NOT NULL,
  `kimia` int(11) NOT NULL,
  `sejarah` int(11) NOT NULL,
  `geografi` int(11) NOT NULL,
  `ekonomi` int(11) NOT NULL,
  `sosiologi` int(11) NOT NULL,
  `sbud` int(11) NOT NULL,
  `pjok` int(11) NOT NULL,
  `barab` int(11) NOT NULL,
  PRIMARY KEY (`id`)
) ENGINE=InnoDB AUTO_INCREMENT=4 DEFAULT CHARSET=latin1;

-- Dumping data for table dev0_cluster.nilai_kelas: ~0 rows (approximately)
DELETE FROM `nilai_kelas`;
/*!40000 ALTER TABLE `nilai_kelas` DISABLE KEYS */;
INSERT INTO `nilai_kelas` (`id`, `kelas`, `agama`, `pkn`, `bind`, `bing`, `mtk`, `fisika`, `biologi`, `kimia`, `sejarah`, `geografi`, `ekonomi`, `sosiologi`, `sbud`, `pjok`, `barab`) VALUES
	(1, 'BAHASA', 70, 70, 75, 75, 70, 70, 70, 70, 70, 70, 70, 70, 70, 70, 75),
	(2, 'IPS', 75, 75, 80, 80, 75, 75, 75, 75, 75, 75, 75, 75, 75, 75, 70),
	(3, 'IPA', 80, 80, 80, 80, 80, 80, 80, 80, 80, 80, 80, 80, 80, 80, 80);
/*!40000 ALTER TABLE `nilai_kelas` ENABLE KEYS */;

-- Dumping structure for table dev0_cluster.nilai_siswa
DROP TABLE IF EXISTS `nilai_siswa`;
CREATE TABLE IF NOT EXISTS `nilai_siswa` (
  `id` int(11) NOT NULL AUTO_INCREMENT,
  `id_siswa` int(11) NOT NULL,
  `agama` int(11) NOT NULL,
  `pkn` int(11) NOT NULL,
  `bind` int(11) NOT NULL,
  `bing` int(11) NOT NULL,
  `mtk` int(11) NOT NULL,
  `fisika` int(11) NOT NULL,
  `biologi` int(11) NOT NULL,
  `kimia` int(11) NOT NULL,
  `sejarah` int(11) NOT NULL,
  `geografi` int(11) NOT NULL,
  `ekonomi` int(11) NOT NULL,
  `sosiologi` int(11) NOT NULL,
  `sbud` int(11) NOT NULL,
  `pjok` int(11) NOT NULL,
  `barab` int(11) NOT NULL,
  PRIMARY KEY (`id`)
) ENGINE=InnoDB AUTO_INCREMENT=242 DEFAULT CHARSET=latin1;

-- Dumping data for table dev0_cluster.nilai_siswa: ~241 rows (approximately)
DELETE FROM `nilai_siswa`;
/*!40000 ALTER TABLE `nilai_siswa` DISABLE KEYS */;
INSERT INTO `nilai_siswa` (`id`, `id_siswa`, `agama`, `pkn`, `bind`, `bing`, `mtk`, `fisika`, `biologi`, `kimia`, `sejarah`, `geografi`, `ekonomi`, `sosiologi`, `sbud`, `pjok`, `barab`) VALUES
	(1, 1, 63, 79, 72, 63, 82, 63, 82, 65, 64, 68, 98, 87, 78, 74, 80),
	(2, 2, 70, 66, 85, 65, 78, 90, 87, 70, 74, 83, 74, 90, 89, 76, 92),
	(3, 3, 61, 71, 89, 79, 99, 93, 63, 89, 87, 82, 65, 64, 79, 76, 86),
	(4, 4, 97, 64, 84, 65, 78, 86, 97, 89, 75, 72, 78, 84, 70, 80, 95),
	(5, 5, 98, 94, 75, 89, 70, 70, 67, 69, 60, 85, 63, 97, 82, 93, 66),
	(6, 6, 81, 74, 67, 85, 62, 68, 66, 98, 93, 77, 95, 82, 79, 84, 68),
	(7, 7, 61, 77, 68, 77, 80, 87, 81, 93, 64, 75, 97, 60, 83, 77, 96),
	(8, 8, 75, 68, 85, 80, 75, 62, 74, 66, 76, 68, 97, 87, 76, 89, 90),
	(9, 9, 65, 99, 92, 93, 63, 66, 87, 91, 88, 62, 69, 97, 67, 61, 97),
	(10, 10, 74, 72, 94, 85, 79, 87, 86, 94, 86, 60, 97, 84, 86, 86, 82),
	(11, 11, 68, 92, 82, 62, 67, 91, 97, 96, 99, 95, 60, 60, 93, 92, 61),
	(12, 12, 74, 69, 90, 69, 69, 90, 68, 63, 81, 63, 74, 67, 76, 78, 62),
	(13, 13, 75, 65, 84, 85, 90, 81, 60, 90, 85, 76, 98, 64, 64, 96, 65),
	(14, 14, 96, 86, 78, 67, 92, 85, 91, 64, 79, 74, 62, 61, 74, 64, 86),
	(15, 15, 84, 88, 72, 98, 86, 93, 91, 75, 76, 86, 88, 67, 86, 96, 84),
	(16, 16, 76, 98, 85, 78, 87, 71, 66, 83, 98, 72, 94, 76, 66, 85, 69),
	(17, 17, 72, 64, 99, 62, 63, 98, 73, 72, 94, 93, 81, 74, 77, 64, 82),
	(18, 18, 85, 71, 78, 69, 94, 80, 85, 88, 81, 72, 79, 93, 98, 64, 73),
	(19, 19, 79, 69, 97, 98, 93, 97, 93, 71, 66, 67, 79, 82, 64, 75, 79),
	(20, 20, 95, 84, 66, 60, 98, 98, 95, 70, 94, 99, 99, 91, 77, 96, 91),
	(21, 21, 75, 96, 89, 74, 62, 91, 88, 90, 90, 97, 85, 78, 88, 71, 77),
	(22, 23, 96, 73, 65, 78, 63, 61, 94, 61, 64, 98, 82, 65, 69, 94, 60),
	(23, 22, 80, 79, 97, 78, 63, 73, 88, 96, 94, 90, 62, 62, 84, 93, 63),
	(24, 24, 85, 86, 96, 95, 66, 97, 66, 78, 88, 78, 81, 84, 80, 68, 90),
	(25, 25, 89, 61, 67, 63, 70, 72, 65, 63, 89, 94, 98, 69, 92, 78, 94),
	(26, 26, 90, 76, 98, 60, 98, 61, 84, 81, 93, 83, 84, 96, 65, 82, 70),
	(27, 27, 81, 64, 91, 97, 74, 76, 73, 89, 84, 69, 66, 60, 67, 98, 71),
	(28, 28, 61, 98, 99, 90, 86, 88, 65, 89, 63, 75, 75, 81, 68, 61, 60),
	(29, 29, 85, 94, 83, 68, 93, 94, 86, 64, 89, 69, 62, 79, 83, 81, 72),
	(30, 30, 81, 91, 85, 62, 95, 72, 94, 72, 72, 73, 81, 99, 66, 79, 95),
	(31, 31, 68, 78, 75, 76, 75, 89, 99, 88, 73, 66, 74, 71, 62, 91, 76),
	(32, 32, 91, 71, 82, 79, 75, 60, 74, 85, 83, 63, 86, 77, 93, 68, 66),
	(33, 33, 96, 62, 84, 77, 86, 65, 67, 93, 73, 62, 91, 69, 91, 79, 80),
	(34, 34, 69, 97, 87, 96, 90, 92, 93, 79, 60, 64, 96, 83, 89, 68, 63),
	(35, 35, 65, 97, 98, 72, 97, 67, 68, 87, 76, 96, 71, 99, 88, 81, 94),
	(36, 36, 80, 89, 83, 69, 97, 73, 96, 72, 81, 95, 87, 87, 81, 88, 63),
	(37, 37, 77, 64, 85, 93, 85, 74, 95, 86, 86, 93, 89, 87, 73, 64, 93),
	(38, 38, 64, 83, 76, 63, 87, 78, 83, 84, 67, 94, 71, 85, 73, 75, 97),
	(39, 39, 87, 76, 71, 89, 86, 77, 74, 98, 98, 74, 85, 83, 93, 93, 69),
	(40, 40, 82, 99, 77, 62, 89, 69, 68, 69, 63, 73, 91, 92, 94, 67, 66),
	(41, 41, 80, 75, 83, 93, 60, 92, 65, 65, 78, 61, 72, 87, 77, 82, 73),
	(42, 42, 60, 63, 85, 95, 91, 86, 68, 86, 81, 62, 68, 96, 87, 68, 94),
	(43, 43, 78, 85, 78, 63, 92, 91, 86, 62, 88, 97, 65, 92, 89, 92, 68),
	(44, 44, 60, 78, 70, 65, 97, 99, 79, 86, 73, 87, 67, 62, 60, 89, 78),
	(45, 45, 66, 62, 66, 65, 94, 90, 72, 74, 82, 69, 99, 71, 62, 73, 66),
	(46, 46, 91, 89, 69, 96, 88, 75, 62, 77, 80, 62, 64, 80, 98, 73, 87),
	(47, 47, 83, 94, 99, 60, 65, 74, 90, 92, 86, 82, 69, 69, 78, 77, 64),
	(48, 48, 60, 85, 84, 80, 81, 69, 98, 97, 62, 91, 69, 69, 78, 92, 95),
	(49, 49, 84, 67, 72, 71, 97, 60, 87, 73, 71, 98, 68, 79, 72, 75, 76),
	(50, 50, 91, 92, 71, 61, 60, 93, 62, 71, 93, 83, 78, 95, 80, 85, 87),
	(51, 51, 80, 94, 69, 93, 78, 80, 90, 82, 78, 72, 97, 66, 74, 70, 72),
	(52, 52, 95, 73, 66, 72, 76, 75, 80, 84, 66, 67, 82, 97, 91, 84, 83),
	(53, 53, 96, 86, 98, 81, 93, 81, 73, 72, 71, 99, 87, 80, 81, 75, 90),
	(54, 54, 91, 60, 86, 94, 64, 61, 91, 63, 93, 88, 83, 93, 74, 75, 93),
	(55, 55, 84, 66, 66, 90, 98, 73, 71, 60, 75, 99, 76, 96, 62, 73, 60),
	(56, 56, 69, 95, 98, 83, 88, 89, 90, 99, 87, 76, 97, 79, 75, 60, 61),
	(57, 57, 64, 90, 84, 78, 78, 67, 86, 96, 94, 82, 86, 82, 94, 88, 70),
	(58, 58, 93, 93, 71, 75, 95, 91, 66, 77, 60, 96, 99, 71, 96, 84, 64),
	(59, 59, 73, 87, 98, 75, 60, 75, 90, 92, 89, 84, 91, 68, 88, 81, 96),
	(60, 60, 64, 97, 97, 95, 72, 86, 93, 75, 71, 84, 97, 69, 94, 84, 92),
	(61, 61, 86, 76, 84, 67, 96, 87, 70, 62, 78, 78, 91, 74, 97, 77, 74),
	(62, 62, 64, 71, 60, 68, 69, 77, 93, 66, 76, 65, 96, 78, 80, 98, 89),
	(63, 63, 91, 83, 79, 67, 77, 83, 96, 97, 68, 89, 71, 93, 68, 78, 74),
	(64, 64, 93, 87, 87, 83, 79, 96, 82, 99, 80, 64, 70, 67, 64, 89, 69),
	(65, 65, 88, 74, 85, 88, 98, 97, 70, 96, 84, 96, 98, 67, 65, 88, 63),
	(66, 66, 92, 80, 60, 64, 69, 73, 87, 69, 63, 68, 65, 66, 77, 74, 78),
	(67, 67, 83, 90, 73, 86, 99, 90, 84, 81, 89, 81, 82, 85, 86, 90, 99),
	(68, 68, 89, 77, 62, 84, 72, 87, 70, 88, 87, 67, 95, 61, 77, 88, 85),
	(69, 69, 97, 84, 75, 70, 87, 70, 67, 89, 76, 94, 82, 74, 71, 74, 68),
	(70, 70, 78, 87, 78, 65, 70, 89, 82, 70, 80, 76, 94, 93, 77, 65, 85),
	(71, 71, 65, 88, 78, 92, 64, 89, 78, 86, 61, 61, 91, 69, 94, 99, 91),
	(72, 72, 79, 68, 84, 92, 61, 91, 92, 75, 66, 99, 71, 71, 68, 62, 98),
	(73, 73, 66, 93, 98, 83, 76, 97, 81, 76, 99, 70, 86, 78, 95, 71, 91),
	(74, 74, 93, 89, 60, 90, 89, 76, 66, 95, 82, 99, 73, 86, 97, 63, 81),
	(75, 75, 88, 83, 60, 92, 66, 86, 90, 80, 92, 81, 70, 91, 81, 75, 74),
	(76, 76, 67, 92, 89, 84, 77, 69, 79, 91, 79, 92, 95, 91, 60, 73, 66),
	(77, 77, 83, 79, 90, 98, 68, 87, 81, 97, 69, 76, 86, 89, 78, 92, 99),
	(78, 78, 60, 90, 64, 92, 86, 72, 72, 65, 83, 77, 86, 66, 71, 63, 94),
	(79, 79, 61, 60, 76, 76, 73, 74, 66, 68, 90, 64, 83, 95, 64, 82, 78),
	(80, 80, 85, 74, 75, 90, 83, 77, 77, 83, 72, 62, 74, 80, 97, 66, 82),
	(81, 81, 91, 63, 68, 72, 82, 92, 90, 79, 96, 93, 76, 77, 86, 96, 63),
	(82, 82, 72, 99, 75, 90, 78, 87, 75, 98, 74, 67, 99, 98, 86, 60, 88),
	(83, 83, 61, 62, 90, 72, 71, 91, 78, 82, 64, 85, 87, 62, 91, 92, 88),
	(84, 84, 81, 77, 63, 67, 93, 86, 91, 60, 66, 94, 87, 92, 71, 63, 62),
	(85, 85, 76, 60, 88, 73, 95, 74, 76, 64, 86, 63, 98, 92, 86, 99, 78),
	(86, 86, 90, 60, 76, 79, 73, 91, 88, 79, 60, 86, 70, 71, 81, 89, 93),
	(87, 87, 66, 97, 64, 83, 88, 97, 64, 76, 66, 91, 69, 81, 94, 61, 78),
	(88, 88, 63, 65, 74, 62, 60, 80, 99, 96, 89, 60, 61, 70, 75, 86, 82),
	(89, 89, 62, 66, 76, 68, 68, 95, 81, 73, 80, 82, 87, 86, 64, 89, 93),
	(90, 90, 89, 74, 85, 67, 88, 97, 82, 65, 64, 64, 87, 98, 96, 99, 99),
	(91, 91, 82, 94, 61, 88, 86, 96, 91, 85, 61, 73, 95, 94, 85, 96, 73),
	(92, 92, 64, 64, 98, 73, 95, 85, 66, 73, 85, 95, 75, 61, 83, 75, 62),
	(93, 93, 68, 95, 98, 85, 63, 64, 95, 94, 75, 86, 67, 60, 85, 67, 95),
	(94, 94, 77, 96, 67, 88, 77, 74, 73, 97, 78, 68, 94, 69, 69, 75, 80),
	(95, 95, 93, 90, 85, 93, 85, 65, 80, 93, 80, 69, 77, 75, 88, 88, 91),
	(96, 96, 60, 88, 88, 88, 91, 97, 80, 67, 99, 66, 98, 74, 69, 83, 98),
	(97, 97, 97, 73, 76, 74, 63, 87, 68, 73, 87, 74, 76, 92, 89, 66, 81),
	(98, 98, 92, 60, 60, 84, 62, 61, 96, 92, 84, 80, 86, 80, 64, 75, 84),
	(99, 99, 88, 94, 89, 73, 83, 90, 99, 80, 64, 66, 66, 72, 75, 90, 80),
	(100, 100, 66, 72, 92, 77, 87, 77, 60, 96, 89, 84, 69, 96, 67, 72, 75),
	(101, 101, 76, 90, 95, 97, 96, 95, 65, 83, 86, 92, 66, 74, 94, 88, 93),
	(102, 102, 86, 97, 95, 82, 67, 81, 69, 76, 90, 74, 61, 77, 65, 69, 68),
	(103, 103, 84, 63, 74, 73, 65, 67, 92, 71, 63, 90, 74, 74, 69, 67, 91),
	(104, 104, 92, 99, 61, 60, 88, 90, 84, 79, 95, 78, 64, 65, 85, 97, 70),
	(105, 105, 67, 91, 95, 69, 88, 97, 61, 90, 65, 98, 84, 94, 76, 99, 79),
	(106, 106, 63, 86, 89, 84, 95, 82, 61, 90, 69, 86, 64, 65, 70, 67, 70),
	(107, 107, 87, 89, 81, 81, 72, 76, 70, 88, 92, 65, 83, 94, 92, 81, 85),
	(108, 108, 90, 89, 74, 86, 87, 89, 81, 98, 96, 97, 95, 65, 83, 85, 73),
	(109, 109, 92, 73, 82, 91, 80, 60, 74, 84, 60, 76, 79, 91, 65, 93, 98),
	(110, 110, 81, 78, 92, 61, 61, 90, 65, 76, 96, 99, 74, 86, 76, 63, 81),
	(111, 111, 62, 74, 66, 97, 88, 77, 77, 61, 67, 73, 70, 81, 86, 80, 98),
	(112, 112, 80, 72, 88, 98, 73, 88, 98, 65, 98, 91, 68, 96, 77, 90, 82),
	(113, 113, 89, 89, 95, 96, 91, 75, 95, 82, 70, 82, 68, 95, 83, 86, 66),
	(114, 114, 95, 81, 77, 99, 78, 72, 79, 98, 93, 80, 77, 68, 86, 72, 69),
	(115, 115, 72, 82, 88, 86, 82, 89, 85, 62, 86, 62, 88, 71, 60, 71, 65),
	(116, 116, 86, 78, 62, 61, 75, 98, 69, 60, 75, 91, 66, 60, 61, 91, 89),
	(117, 117, 81, 95, 61, 68, 86, 92, 70, 75, 87, 60, 61, 93, 90, 83, 68),
	(118, 118, 77, 97, 79, 84, 92, 84, 91, 95, 90, 60, 75, 74, 64, 88, 98),
	(119, 119, 63, 70, 80, 91, 63, 62, 91, 97, 90, 84, 70, 73, 70, 81, 78),
	(120, 120, 69, 60, 81, 72, 86, 76, 76, 67, 93, 67, 99, 89, 75, 83, 70),
	(121, 121, 77, 64, 67, 79, 97, 68, 84, 87, 99, 99, 66, 82, 94, 74, 79),
	(122, 122, 72, 99, 91, 74, 91, 79, 97, 78, 87, 83, 76, 91, 87, 79, 74),
	(123, 123, 81, 79, 60, 70, 93, 72, 92, 80, 72, 71, 88, 79, 76, 68, 61),
	(124, 124, 67, 74, 87, 83, 72, 98, 64, 92, 87, 69, 81, 74, 95, 61, 83),
	(125, 125, 63, 97, 64, 71, 86, 94, 93, 88, 71, 92, 68, 71, 93, 67, 83),
	(126, 126, 85, 99, 80, 63, 65, 60, 76, 86, 64, 76, 61, 82, 91, 99, 81),
	(127, 127, 87, 81, 78, 62, 82, 94, 99, 76, 72, 93, 88, 84, 60, 92, 90),
	(128, 128, 62, 88, 68, 66, 85, 80, 79, 79, 83, 84, 62, 61, 88, 68, 80),
	(129, 129, 87, 98, 72, 72, 84, 89, 93, 91, 82, 83, 78, 66, 76, 90, 91),
	(130, 130, 63, 77, 75, 91, 72, 82, 89, 98, 87, 68, 68, 71, 88, 78, 67),
	(131, 131, 68, 73, 74, 90, 91, 83, 93, 71, 91, 80, 87, 76, 67, 63, 68),
	(132, 133, 94, 78, 67, 63, 97, 76, 62, 88, 93, 90, 80, 84, 71, 63, 73),
	(133, 132, 73, 69, 81, 77, 86, 98, 63, 63, 86, 86, 75, 65, 82, 89, 73),
	(134, 134, 95, 81, 90, 77, 65, 81, 69, 81, 90, 61, 75, 76, 62, 75, 64),
	(135, 135, 90, 65, 89, 63, 60, 82, 67, 88, 71, 82, 68, 99, 81, 77, 94),
	(136, 136, 86, 94, 93, 62, 72, 64, 63, 62, 77, 97, 82, 93, 88, 84, 95),
	(137, 137, 99, 97, 83, 65, 68, 84, 80, 79, 99, 96, 87, 85, 75, 94, 69),
	(138, 138, 97, 71, 97, 75, 93, 98, 80, 72, 97, 71, 76, 82, 60, 90, 72),
	(139, 139, 96, 68, 82, 65, 67, 86, 92, 76, 71, 73, 66, 84, 72, 90, 99),
	(140, 140, 62, 76, 66, 83, 69, 89, 93, 76, 80, 90, 84, 73, 70, 79, 98),
	(141, 141, 96, 80, 84, 74, 89, 90, 96, 82, 75, 67, 79, 88, 61, 77, 73),
	(142, 142, 63, 73, 99, 73, 81, 71, 66, 87, 64, 99, 98, 73, 86, 92, 99),
	(143, 143, 81, 83, 99, 83, 65, 60, 62, 89, 77, 93, 97, 77, 83, 86, 92),
	(144, 144, 62, 79, 86, 63, 85, 97, 80, 93, 80, 86, 83, 83, 71, 86, 84),
	(145, 145, 92, 62, 94, 80, 93, 81, 92, 91, 74, 80, 80, 78, 75, 91, 94),
	(146, 146, 92, 76, 98, 84, 76, 92, 87, 91, 80, 84, 69, 69, 80, 86, 82),
	(147, 147, 64, 71, 70, 68, 79, 80, 78, 68, 65, 68, 65, 98, 64, 86, 72),
	(148, 148, 90, 85, 62, 62, 79, 67, 68, 61, 87, 60, 80, 69, 75, 97, 79),
	(149, 149, 62, 63, 62, 64, 63, 82, 62, 79, 85, 67, 75, 74, 79, 70, 87),
	(150, 151, 68, 71, 71, 91, 73, 99, 76, 63, 72, 72, 79, 80, 66, 75, 93),
	(151, 150, 77, 80, 60, 81, 77, 60, 90, 73, 82, 60, 70, 66, 79, 64, 86),
	(152, 152, 80, 71, 66, 90, 95, 77, 74, 98, 75, 73, 79, 80, 83, 97, 85),
	(153, 153, 82, 76, 91, 68, 71, 89, 96, 66, 70, 83, 86, 92, 80, 99, 70),
	(154, 154, 85, 99, 95, 67, 75, 96, 80, 67, 61, 81, 73, 66, 79, 68, 77),
	(155, 155, 82, 86, 97, 83, 88, 88, 98, 87, 73, 90, 83, 82, 76, 70, 96),
	(156, 156, 72, 61, 92, 68, 89, 90, 79, 66, 77, 85, 79, 62, 81, 92, 67),
	(157, 157, 92, 90, 78, 60, 70, 63, 73, 83, 60, 62, 97, 94, 60, 82, 75),
	(158, 158, 74, 97, 97, 62, 92, 91, 89, 72, 74, 97, 93, 93, 84, 81, 65),
	(159, 159, 99, 63, 82, 85, 84, 98, 61, 69, 87, 82, 86, 88, 83, 93, 85),
	(160, 160, 96, 85, 89, 71, 79, 65, 64, 71, 64, 87, 75, 66, 74, 82, 92),
	(161, 162, 96, 67, 66, 76, 79, 68, 80, 99, 77, 91, 96, 82, 63, 66, 65),
	(162, 161, 64, 92, 75, 71, 72, 79, 79, 63, 81, 72, 95, 68, 70, 78, 84),
	(163, 163, 69, 69, 77, 83, 65, 69, 89, 88, 85, 62, 86, 88, 90, 92, 74),
	(164, 167, 94, 75, 74, 75, 95, 68, 90, 90, 80, 79, 64, 79, 93, 67, 83),
	(165, 164, 85, 65, 73, 92, 74, 92, 76, 94, 77, 96, 88, 89, 84, 61, 89),
	(166, 168, 83, 64, 70, 69, 77, 80, 78, 63, 85, 72, 95, 74, 74, 99, 95),
	(167, 165, 91, 96, 88, 71, 81, 90, 97, 71, 67, 60, 86, 95, 60, 93, 96),
	(168, 170, 86, 62, 64, 71, 91, 71, 65, 63, 95, 82, 63, 90, 66, 87, 82),
	(169, 169, 78, 83, 71, 66, 81, 84, 83, 78, 85, 64, 71, 75, 79, 71, 80),
	(170, 171, 76, 65, 80, 88, 87, 84, 63, 91, 63, 74, 99, 71, 92, 99, 81),
	(171, 172, 76, 75, 92, 99, 92, 86, 66, 88, 90, 77, 76, 66, 90, 82, 89),
	(172, 173, 75, 78, 85, 69, 98, 90, 70, 88, 78, 64, 76, 63, 93, 65, 98),
	(173, 174, 99, 73, 97, 94, 80, 89, 83, 92, 73, 64, 69, 71, 80, 70, 75),
	(174, 175, 71, 60, 89, 97, 76, 75, 93, 69, 74, 88, 80, 84, 99, 65, 90),
	(175, 176, 64, 60, 74, 98, 76, 84, 89, 69, 64, 94, 87, 94, 90, 73, 66),
	(176, 177, 83, 76, 90, 88, 71, 94, 65, 76, 99, 88, 64, 60, 88, 81, 77),
	(177, 178, 83, 89, 63, 81, 64, 84, 97, 92, 91, 63, 63, 96, 87, 80, 84),
	(178, 179, 63, 80, 94, 65, 92, 91, 75, 82, 60, 60, 92, 60, 77, 75, 81),
	(179, 180, 89, 92, 79, 87, 78, 90, 64, 95, 84, 86, 72, 95, 64, 85, 72),
	(180, 181, 99, 73, 67, 68, 99, 74, 66, 75, 76, 79, 92, 83, 82, 78, 71),
	(181, 182, 84, 99, 66, 65, 75, 99, 63, 92, 94, 67, 79, 68, 65, 72, 67),
	(182, 183, 75, 71, 92, 79, 87, 95, 60, 63, 61, 63, 71, 91, 69, 89, 90),
	(183, 184, 91, 67, 94, 66, 98, 88, 89, 81, 64, 94, 85, 72, 83, 82, 80),
	(184, 185, 89, 69, 93, 64, 97, 61, 68, 73, 73, 99, 82, 60, 76, 94, 78),
	(185, 186, 93, 98, 67, 65, 62, 60, 98, 90, 84, 65, 67, 82, 72, 82, 85),
	(186, 187, 89, 61, 81, 83, 63, 62, 95, 88, 82, 89, 88, 60, 65, 92, 94),
	(187, 188, 63, 92, 64, 80, 63, 70, 82, 60, 68, 83, 72, 86, 65, 81, 83),
	(188, 189, 81, 70, 94, 60, 61, 79, 79, 98, 65, 62, 61, 69, 74, 83, 71),
	(189, 166, 74, 79, 97, 96, 98, 86, 92, 75, 72, 82, 80, 93, 91, 97, 69),
	(190, 190, 95, 66, 78, 93, 71, 78, 65, 63, 94, 66, 93, 97, 99, 67, 78),
	(191, 192, 63, 99, 89, 71, 79, 85, 91, 60, 66, 75, 60, 68, 60, 62, 67),
	(192, 191, 96, 98, 63, 65, 89, 77, 60, 80, 89, 77, 70, 71, 72, 88, 70),
	(193, 193, 67, 79, 76, 96, 84, 62, 78, 91, 67, 91, 64, 77, 90, 87, 68),
	(194, 194, 64, 83, 65, 63, 83, 86, 70, 88, 79, 94, 71, 71, 62, 80, 96),
	(195, 195, 60, 87, 67, 73, 87, 63, 95, 97, 87, 83, 81, 83, 61, 82, 66),
	(196, 196, 87, 70, 86, 72, 95, 77, 90, 82, 85, 69, 65, 96, 96, 71, 94),
	(197, 197, 93, 61, 74, 97, 88, 69, 63, 85, 81, 99, 63, 77, 97, 86, 61),
	(198, 198, 64, 68, 79, 63, 69, 78, 87, 87, 66, 94, 62, 71, 76, 79, 92),
	(199, 199, 85, 84, 81, 67, 75, 93, 75, 61, 81, 91, 78, 68, 94, 82, 82),
	(200, 200, 78, 73, 84, 74, 69, 92, 94, 66, 71, 70, 94, 65, 75, 94, 86),
	(201, 201, 91, 70, 96, 92, 60, 81, 96, 66, 93, 89, 80, 69, 74, 92, 99),
	(202, 202, 88, 97, 71, 93, 78, 90, 98, 87, 86, 71, 82, 98, 92, 82, 74),
	(203, 203, 75, 91, 98, 73, 62, 76, 95, 84, 78, 72, 99, 94, 60, 88, 76),
	(204, 205, 62, 85, 74, 96, 91, 72, 81, 86, 62, 93, 69, 67, 68, 72, 63),
	(205, 204, 60, 78, 75, 65, 68, 92, 65, 61, 77, 68, 67, 93, 74, 63, 84),
	(206, 206, 88, 80, 89, 98, 96, 97, 89, 75, 76, 81, 78, 68, 93, 69, 65),
	(207, 207, 73, 87, 73, 74, 76, 62, 85, 90, 88, 88, 64, 88, 74, 72, 75),
	(208, 209, 93, 83, 88, 94, 96, 76, 76, 86, 91, 71, 87, 77, 65, 60, 87),
	(209, 210, 71, 60, 84, 60, 77, 89, 82, 67, 63, 74, 82, 90, 88, 93, 71),
	(210, 208, 88, 74, 83, 83, 83, 91, 82, 95, 97, 95, 76, 78, 99, 92, 79),
	(211, 211, 68, 63, 80, 94, 95, 69, 81, 88, 78, 82, 91, 77, 89, 76, 69),
	(212, 212, 82, 86, 79, 86, 93, 82, 75, 93, 72, 64, 86, 87, 80, 81, 70),
	(213, 213, 88, 98, 95, 66, 66, 98, 79, 99, 61, 87, 84, 89, 67, 61, 71),
	(214, 214, 94, 89, 67, 69, 76, 67, 81, 78, 95, 66, 94, 61, 96, 74, 83),
	(215, 215, 86, 83, 96, 98, 71, 92, 89, 99, 84, 73, 93, 94, 89, 96, 81),
	(216, 216, 80, 77, 89, 94, 60, 88, 70, 88, 98, 94, 79, 80, 96, 80, 66),
	(217, 217, 60, 87, 98, 75, 83, 77, 91, 65, 77, 63, 80, 60, 81, 69, 71),
	(218, 218, 77, 80, 83, 74, 74, 97, 67, 69, 73, 77, 91, 66, 87, 88, 83),
	(219, 219, 76, 74, 73, 92, 91, 60, 95, 64, 74, 71, 97, 86, 70, 86, 82),
	(220, 220, 72, 74, 63, 65, 71, 97, 75, 94, 62, 76, 98, 73, 61, 70, 85),
	(221, 221, 79, 74, 89, 73, 86, 88, 62, 92, 81, 70, 78, 96, 70, 85, 98),
	(222, 222, 79, 85, 88, 69, 68, 66, 83, 96, 95, 70, 89, 75, 77, 73, 73),
	(223, 223, 66, 79, 77, 83, 86, 70, 75, 70, 88, 73, 95, 66, 95, 80, 86),
	(224, 224, 61, 63, 98, 98, 73, 94, 81, 89, 62, 71, 88, 85, 65, 79, 94),
	(225, 225, 70, 99, 94, 96, 78, 67, 64, 72, 88, 61, 68, 80, 65, 94, 74),
	(226, 226, 92, 68, 84, 90, 95, 78, 74, 64, 77, 67, 66, 68, 68, 63, 94),
	(227, 227, 92, 71, 88, 91, 78, 68, 72, 62, 82, 85, 89, 82, 75, 62, 77),
	(228, 228, 60, 73, 98, 67, 60, 75, 67, 85, 79, 74, 89, 61, 77, 65, 84),
	(229, 229, 61, 76, 99, 62, 98, 74, 91, 95, 92, 62, 78, 91, 73, 99, 77),
	(230, 230, 92, 97, 62, 72, 90, 93, 67, 77, 65, 79, 68, 75, 60, 66, 93),
	(231, 232, 70, 75, 66, 98, 91, 82, 82, 85, 95, 93, 99, 87, 75, 73, 76),
	(232, 231, 75, 81, 83, 71, 97, 86, 83, 73, 79, 92, 93, 68, 69, 92, 88),
	(233, 233, 75, 86, 99, 89, 66, 70, 96, 68, 75, 77, 71, 87, 60, 88, 67),
	(234, 235, 70, 72, 98, 70, 69, 91, 76, 90, 67, 90, 91, 96, 67, 74, 87),
	(235, 234, 74, 62, 69, 95, 66, 82, 78, 70, 71, 88, 79, 87, 89, 89, 90),
	(236, 236, 84, 62, 66, 65, 64, 75, 89, 74, 77, 89, 90, 92, 60, 95, 85),
	(237, 237, 82, 76, 93, 83, 66, 80, 91, 79, 93, 66, 89, 64, 83, 95, 83),
	(238, 241, 69, 93, 61, 79, 85, 95, 83, 98, 75, 72, 60, 61, 75, 67, 84),
	(239, 238, 82, 80, 87, 98, 94, 95, 68, 92, 66, 78, 72, 79, 86, 97, 97),
	(240, 239, 98, 93, 79, 73, 72, 79, 99, 64, 97, 75, 88, 80, 72, 73, 71),
	(241, 240, 74, 95, 94, 78, 92, 94, 62, 77, 77, 99, 83, 84, 97, 79, 93);
/*!40000 ALTER TABLE `nilai_siswa` ENABLE KEYS */;

-- Dumping structure for table dev0_cluster.siswa
DROP TABLE IF EXISTS `siswa`;
CREATE TABLE IF NOT EXISTS `siswa` (
  `id` int(11) NOT NULL AUTO_INCREMENT,
  `nisn` varchar(50) DEFAULT NULL,
  `nama` varchar(50) DEFAULT NULL,
  `jenis_kelamin` varchar(1) DEFAULT NULL,
  PRIMARY KEY (`id`)
) ENGINE=InnoDB AUTO_INCREMENT=242 DEFAULT CHARSET=latin1;

-- Dumping data for table dev0_cluster.siswa: ~241 rows (approximately)
DELETE FROM `siswa`;
/*!40000 ALTER TABLE `siswa` DISABLE KEYS */;
INSERT INTO `siswa` (`id`, `nisn`, `nama`, `jenis_kelamin`) VALUES
	(1, '49711889', 'ADITIYAMUHAMAD ISMAIL', 'L'),
	(2, '50918352', 'ALYA SHIFA NABILLA', 'P'),
	(3, '3058494379', 'AMALIA ZAHRI', 'P'),
	(4, '58457485', 'ANDRIANSYAH EKA BUDIANTO', 'L'),
	(5, '48980970', 'ANITA SARI', 'P'),
	(6, '45181911', 'CICI', 'P'),
	(7, '45097379', 'DIANA FARIDA', 'P'),
	(8, '59865600', 'DWI SARI ISWANINGSIH', 'P'),
	(9, '50918375', 'FARIKHATUL MUFIDAH', 'P'),
	(10, '59038596', 'FELISHA SRI RACHMADILLA', 'P'),
	(11, '49764704', 'FITRI NOVIANTI', 'P'),
	(12, '46886040', 'GADISREVALINA ANGGIPUTRI', 'P'),
	(13, '36636743', 'GILANG HERLAMBANG', 'L'),
	(14, '45622785', 'MILA NURMALA', 'P'),
	(15, '59445013', 'MILA PUSPITASARI DEW!', 'P'),
	(16, '3047238324', 'MUHAMMAD MAULANAYUSUF IBRAHlk', 'L'),
	(17, '58389808', 'MUHAMMAD RIZQI', 'L'),
	(18, '58000967', 'NAUFAL FAKHRI HADIAN', 'L'),
	(19, '54803931', 'NAYA DEW! ELVINA', 'P'),
	(20, '45434646', 'NAYLA REVA MUTIARA', 'P'),
	(21, '51757605', 'NAZWA NUR AULIA SYAM', 'P'),
	(22, '31589229', 'NURHABIBAH', 'P'),
	(23, '58916171', 'NURMA RIYANI BARLIANA', 'P'),
	(24, '47291774', 'OKTAVIAN TRI LAKSONO', 'L'),
	(25, '44876415', 'OLIVIA NOVELINA PRAST1KA HEDI SYA', 'P'),
	(26, '57042023', 'PUTRI NURFATIMAH', 'P'),
	(27, '53785719', 'REDITHA NAZHIFAH', 'P'),
	(28, '51559332', 'RIKA KARTIKA', 'P'),
	(29, '57410005', 'SAMMY PRASETYO', 'L'),
	(30, '59828262', 'SHILVIA AMANDA', 'P'),
	(31, '59897980', 'SHILVIA ANANDA', 'P'),
	(32, '40312423', 'SILVIA APRILIANI', 'P'),
	(33, '57024811', 'SITI MASITOH', 'P'),
	(34, '52253960', 'SITI ROBAAL PUJA DELIMA', 'P'),
	(35, '51757603', 'SITI SALMA RAHAYU', 'P'),
	(36, '55876157', 'Zelda Savith', 'P'),
	(37, '55947728', 'ADELIA AllAHRA', 'P'),
	(38, '52538753', 'ALIFAH RAMADAN', 'P'),
	(39, '57695801', 'ANDRE MAULANA', 'L'),
	(40, '50918405', 'APRIANINGTYAS MAULIDINA PUTRI', 'P'),
	(41, '42856954', 'ARIA KRESNA', 'L'),
	(42, '47298022', 'ATIQAH MUTIARA DEVY', 'P'),
	(43, '54618438', 'Azrha Sabrina Poetri', 'P'),
	(44, '41620542', 'FAUZIYAH ABDULLOH', 'P'),
	(45, '49112030', 'FERA YULIA PUTRI', 'P'),
	(46, '52157684', 'Fitri Ana Novia Andika', 'P'),
	(47, '52006355', 'GRACIA EFFATA TAMBUNAN', 'L'),
	(48, '48103984', 'INTAN ZHIPA', 'P'),
	(49, '51605021', 'KURNIA MEILANI PUTRI', 'P'),
	(50, '31645668', 'LIDYA APRIYANT1', 'P'),
	(51, '45436274', 'MAULANA MALIK', 'L'),
	(52, '53889917', 'MUHAMMAD ZEHAN DWITAMA', 'L'),
	(53, '55345398', 'NADHIF RIVANO', 'L'),
	(54, '50995356', 'NADHIRA AZWA IRFANI', 'P'),
	(55, '48987065', 'NADIA APRILIA PUTRI', 'P'),
	(56, '48263322', 'NOVIA HANDAYANI', 'P'),
	(57, '54315060', 'NOVITA ADITYANDANI', 'P'),
	(58, '54229075', 'PUJI ASTUTI', 'P'),
	(59, '55555810', 'PUTRI KUSMIATI HIMAWAN', 'P'),
	(60, '49987856', 'RINI ANDRIANI', 'P'),
	(61, '52333996', 'RISMA AYU RAHMAWATI', 'P'),
	(62, '59934273', 'SABRINA DWI AJENG', 'P'),
	(63, '51642063', 'SINTA NURIYAH', 'P'),
	(64, '44876939', 'SISKA NUR ANGGRAENI', 'P'),
	(65, '52121031', 'ULFIA HAURA PUTRI', 'P'),
	(66, '57018791', 'ZAHRA MUTIARA HANDAYANI', 'P'),
	(67, '54584072', 'ALIKA SRI WAHYUNI', 'P'),
	(68, '59457032', 'ALYA AGUSTINE ANDANG', 'P'),
	(69, '58807796', 'ALYSSA RACHMADIPTIYA', 'P'),
	(70, '50918344', 'DIMAS ARIF MURTADHO', 'L'),
	(71, '46821867', 'DIVA ANNIDA MUTIARA FITRI', 'P'),
	(72, '57343643', 'DYAZ TOFA ANGGARA', 'L'),
	(73, '52470358', 'EGUIN JONATHAN', 'L'),
	(74, '55417458', 'EVA INDRIYANI', 'P'),
	(75, '52530822', 'FARIDAH NUR FAJRIATI', 'P'),
	(76, '56428251', 'FIKA SANIA MAHFUD', 'P'),
	(77, '52646674', 'FITRA SETIANA', 'L'),
	(78, '54956048', 'FRANSISKA DORMAULI SEPTIANI SIMB', 'P'),
	(79, '54761853', 'HASNA AMALIA PUTRI', 'P'),
	(80, '51351882', 'ILEA HIZUL KARIMAH', 'P'),
	(81, '63721154', 'INDRA PUTRA PURBA', 'L'),
	(82, '53905841', 'INDRI ANGGRAENI', 'P'),
	(83, '59010381', 'INTAN AMELIA', 'P'),
	(84, '54903358', 'IRMA DAMAYANTI', 'P'),
	(85, '62215006', 'JESSAMINE ADINDA NUGROHO', 'P'),
	(86, '57195557', 'LINTANG CINTA RIGEL MAHARANI', 'P'),
	(87, '57368555', 'MARWANSYAH MANAQ1B PURBA', 'L'),
	(88, '51778639', 'MOHAMAD HARUN AL RASYID', 'L'),
	(89, '55630658', 'NABILAH KHOERUNISA', 'P'),
	(90, '43227596', 'NAZIAH', 'P'),
	(91, '49486615', 'NAZWA DEWI NUGROHO', 'P'),
	(92, '46445370', 'NISFI SEPTIRA', 'P'),
	(93, '51229573', 'NURUL SETYOWATI', 'P'),
	(94, '51735039', 'RAHIMA NUR SAPUTRI', 'P'),
	(95, '44876411', 'SABHILA ZULZALINA RAMDHANIA', 'P'),
	(96, '55285663', 'SELVI NURRAHMADANI', 'P'),
	(97, '58146491', 'SHABRINA AMANDA KURNIAWAN', 'P'),
	(98, '53609180', 'SHILFA JULIANI PUTRI', 'P'),
	(99, '46739364', 'SUADAH KHORINAH', 'P'),
	(100, '54458114', 'SYIFFA MONIKA PUTRI', 'P'),
	(101, '45391833', 'ZETTY ZAHRINA', 'P'),
	(102, '59027254', 'ABIGAIL SAN MONIKA', 'P'),
	(103, '50918401', 'AMIRUL HIDAYAT', 'L'),
	(104, '48778033', 'ARINA MANASIKA', 'P'),
	(105, '44873803', 'ARNI RAHMAWATI', 'P'),
	(106, '51626361', 'CARRISSA KINETA NAMIRA DARMADIN', 'P'),
	(107, '55589396', 'DEWI HAKIM UTAMI', 'P'),
	(108, '48582533', 'DEWI LESTARI', 'P'),
	(109, '58447122', 'DHINTA VALERINA', 'P'),
	(110, '46126139', 'DIAN PUTRI AULIA', 'P'),
	(111, '51714139', 'DWI AYU ARDIYANTI', 'P'),
	(112, '41246610', 'DWIKA LISTIANA', 'P'),
	(113, '41560931', 'ELITA NURILAHI', 'P'),
	(114, '44380951', 'EUIS MARYATI', 'P'),
	(115, '55790197', 'FIRDA JULIANTI', 'P'),
	(116, '58159874', 'GRACE SITI AYU MANDA', 'P'),
	(117, '59347871', 'HANA SOLEHAH NADIA', 'P'),
	(118, '55229088', 'ISKANDARSYAH', 'L'),
	(119, '33640558', 'JAMILAH', 'P'),
	(120, '56607275', 'MALIEK MUHAMMAD', 'L'),
	(121, '42606264', 'MUHAMAD FIRMANSYAH', 'L'),
	(122, '47489912', 'MUHAMMAD IRSYAD SYUHADA', 'L'),
	(123, '54019389', 'MUHAMMAD RIVAI', 'L'),
	(124, '52610594', 'NABILA NAJWA HUSNA', 'P'),
	(125, '56831467', 'NADILLA PUTRIA ISKANDAR', 'P'),
	(126, '57411962', 'NAIRA RAHMADANI', 'P'),
	(127, '54050762', 'QUTHBI ALAM ALANDARUN', 'L'),
	(128, '58529069', 'RANI SETISA PURBA', 'P'),
	(129, '58308271', 'RESTI YULITA MAHARANI', 'P'),
	(130, '52266062', 'RIBI MALA MAULIDA', 'P'),
	(131, '50918338', 'RINTAN AYU ANDANI', 'P'),
	(132, '51904798', 'SALSAFA CHAIRUN HIKMAH', 'P'),
	(133, '42247429', 'SHELINA AMALIA', 'P'),
	(134, '9566862', 'SITI HODIJAH', 'P'),
	(135, '50918416', 'VIOLLA LAUREN', 'P'),
	(136, '58886220', 'WIDYA ISMAYANTI', 'P'),
	(137, '58660848', 'ACHMAD BAYU IRAWAN', 'L'),
	(138, '45725991', 'AINI PERTIWI', 'P'),
	(139, '54043896', 'ACHMAD RAMDHANI', 'L'),
	(140, '58213270', 'ALDY DWI APRILIANTO PERMANA P', 'L'),
	(141, '49531060', 'ALLYSA AVANTI', 'P'),
	(142, '31440282', 'ALYA LUCYANA AZHARI', 'P'),
	(143, '45687336', 'ANANDA YULIANINGSIH', 'P'),
	(144, '55489459', 'ANDIKA PUTRA DARAJAT ', 'L'),
	(145, '59650873', 'ANNISA ZASTRIANE PUSPA NINGRUM', 'P'),
	(146, '56075499', 'AULIA FAUZIAH', 'P'),
	(147, '49142143', 'Ayu Ningsih', 'P'),
	(148, '51889592', 'BETARIA AMANDAH', 'L'),
	(149, '59363186', 'BUNGA AULIA NUGRAHA', 'P'),
	(150, '53868328', 'CINDY KHAERUNISYA', 'P'),
	(151, '50918413', 'CINDY NAJWA MAHARANI', 'P'),
	(152, '55486809', 'DICKY RIDWANSYAH', 'L'),
	(153, '48679272', 'DIO ARANDA', 'L'),
	(154, '45446906', 'DYAH ANANDA DWI RIZKY', 'P'),
	(155, '48987001', 'ELI HERMAWATI', 'P'),
	(156, '57865364', 'FISCHA ANINDYA', 'P'),
	(157, '43505796', 'FRISKA RAMADAYANTI', 'P'),
	(158, '54088374', 'GERIYA PUTRI AWALIYAH', 'P'),
	(159, '58735851', 'HANI RAHMAWATI', 'P'),
	(160, '51714138', 'NABILA NUR AFIFAH', 'P'),
	(161, '54113179', 'Naszwa Amanda San', 'P'),
	(162, '59187774', 'NAZWA KIASATI', 'P'),
	(163, '59964494', 'NIA PUJI RAMADHANI', 'P'),
	(164, '51376430', 'RATNA HERAWATI', 'P'),
	(165, '57809211', 'RIANTY MAHARANI PUTRI', 'P'),
	(166, '53232313', 'RISDA ROSIYANA', 'P'),
	(167, '56632217', 'SALMAH MUSAYDAH', 'P'),
	(168, '47130789', 'SALSA BILLA NURAINI', 'P'),
	(169, '58037738', 'SALSA NABILA', 'P'),
	(170, '55163761', 'ADHIESTY AULIA PUTRI', 'P'),
	(171, '55001808', 'AHMAD SYAIFAN AKBAR', 'L'),
	(172, '3041904775', 'ALIFAH GHINA KAMILAH', 'P'),
	(173, '42621900', 'ALYA NOVITA NURIN FAUZIYAH', 'P'),
	(174, '56131384', 'ASHAR DAMAYANTI', 'P'),
	(175, '52428441', 'AZHAR BAHRU DINAR', 'L'),
	(176, '58331097', 'AZIEL TRISNANDA JECONIA', 'L'),
	(177, '51981999', 'DAIFAN DEAN ADZANI', 'L'),
	(178, '48682277', 'DENISA DWI RAHAYU', 'P'),
	(179, '47742209', 'DHINY NURAENI', 'P'),
	(180, '38433623', 'DONI RAMADHAN', 'L'),
	(181, '45106315', 'EFENDI', 'L'),
	(182, '51029654', 'ELIA RAMADAN!', 'P'),
	(183, '23399094', 'ELSA ALMAIRA JULIYANTI', 'P'),
	(184, '56992998', 'ENDAH KURNIAWATI', 'P'),
	(185, '41559395', 'ERLANGGA PRAYOGA SETIO', 'L'),
	(186, '44876399', 'FAJAR SEPTIAWAN', 'L'),
	(187, '45029477', 'GHAIDA PUTRI ZAHIRA', 'P'),
	(188, '43242737', 'HAD KUSUMAWIJAYA', 'L'),
	(189, '53079626', 'HANDIKA JULIANSYAH', 'L'),
	(190, '49273407', 'INKA SILVIANI', 'P'),
	(191, '59918268', 'INTAN', 'P'),
	(192, '55926901', 'JUNI AMPIBI', 'L'),
	(193, '67652243', 'LAILA SABRINA', 'P'),
	(194, '58820675', 'LELI NUR ALIAH', 'P'),
	(195, '51714119', 'LYRA AULIA', 'P'),
	(196, '34735473', 'M. Agung Kurnianto', 'L'),
	(197, '44130731', 'NOVI DWIYANTI', 'P'),
	(198, '56629155', 'RAKHA FAHRIZA PUTRA', 'L'),
	(199, '54458544', 'RIFADLY HAERA SANIKY', 'L'),
	(200, '54770959', 'RINALDI RAJA GUKGUK', 'L'),
	(201, '41548735', 'Ripa Nurpadilah', 'P'),
	(202, '56659523', 'SALSA NABILA FATUROHMAH', 'P'),
	(203, '51580652', 'SINDI CLAUDYA HUTAPEA', 'P'),
	(204, '47022878', 'SITI KUSNITA', 'P'),
	(205, '59004535', 'TUTI NURHAYATI', 'P'),
	(206, '54931515', 'ABELIA HAERUDIN', 'P'),
	(207, '59574135', 'AISHA SALWA KHALILA', 'P'),
	(208, '50918415', 'AMANDA AMELIA H SHANIAGO', 'P'),
	(209, '58226473', 'DAVID IMAMANUEL MANURUNG', 'L'),
	(210, '59045355', 'DELON NELSON JAKSONO MALAU', 'L'),
	(211, '56387166', 'DIANA NUR FAIRUZ', 'P'),
	(212, '44876394', 'DIKA HANUM SALSABILA', 'P'),
	(213, '59876832', 'DINDA NAZUA LUSIANA', 'P'),
	(214, '55265296', 'DINDA SETYANINGRUM', 'P'),
	(215, '44876386', 'FERDINAN MAGELAN', 'L'),
	(216, '58624245', 'IMAS', 'P'),
	(217, '41261708', 'INTAN FANDINI', 'P'),
	(218, '55625885', 'IQBAL FIRMANSYAH', 'L'),
	(219, '54857869', 'IRMA SILA AGUSTIN', 'P'),
	(220, '53617573', 'JELITA EMBUN PUSPA', 'P'),
	(221, '57452126', 'KAYLA AURA FEBRIAN I', 'P'),
	(222, '3051773137', 'KHAESHA INDRIANI', 'P'),
	(223, '49207970', 'MUHAMAD IMRAN AWALUDDIN', 'L'),
	(224, '56013405', 'MUHAMAD NAZRIEL AFRIZAL', 'L'),
	(225, '3034575152', 'MUHAMMAD DIMAS RAHAWAN', 'L'),
	(226, '51714110', 'MUTHIA SHOFFA AULIA AZIS', 'P'),
	(227, '58726840', 'NAFISHA OCTAViA AFRIANITA', 'P'),
	(228, '50918349', 'NAJWAH AISYAH SIDIQ', 'P'),
	(229, '62574929', 'NUR AINI', 'P'),
	(230, '53026076', 'NURSEHA', 'P'),
	(231, '48659800', 'PISKA DEPIYANI', 'P'),
	(232, '45288776', 'RAHMAWATI', 'P'),
	(233, '8464343', 'RIFA RAMADHAN I', 'L'),
	(234, '56880269', 'RISTYDIYANI', 'P'),
	(235, '44876413', 'SAFIRA SALWA MAULANA', 'P'),
	(236, '55651400', 'SALSA MUSTIKA FEBYANTI', 'P'),
	(237, '56100037', 'SERLY PUTRI APRILIANI', 'P'),
	(238, '48358383', 'SRI RAHAYU', 'P'),
	(239, '54775957', 'TRI RAHMAWATI', 'P'),
	(240, '43004648', 'TRI YULIANI ZARTIKA', 'P'),
	(241, '53220007', 'WILDA ILSA INDRIANI', 'P');
/*!40000 ALTER TABLE `siswa` ENABLE KEYS */;

-- Dumping structure for table dev0_cluster.user
DROP TABLE IF EXISTS `user`;
CREATE TABLE IF NOT EXISTS `user` (
  `id` int(11) NOT NULL AUTO_INCREMENT,
  `username` varchar(50) DEFAULT NULL,
  `password` varchar(50) DEFAULT NULL,
  `nama` varchar(50) DEFAULT NULL,
  PRIMARY KEY (`id`)
) ENGINE=InnoDB AUTO_INCREMENT=2 DEFAULT CHARSET=latin1;

-- Dumping data for table dev0_cluster.user: ~0 rows (approximately)
DELETE FROM `user`;
/*!40000 ALTER TABLE `user` DISABLE KEYS */;
INSERT INTO `user` (`id`, `username`, `password`, `nama`) VALUES
	(1, 'admin', '21232f297a57a5a743894a0e4a801fc3', 'Administrator');
/*!40000 ALTER TABLE `user` ENABLE KEYS */;

/*!40101 SET SQL_MODE=IFNULL(@OLD_SQL_MODE, '') */;
/*!40014 SET FOREIGN_KEY_CHECKS=IF(@OLD_FOREIGN_KEY_CHECKS IS NULL, 1, @OLD_FOREIGN_KEY_CHECKS) */;
/*!40101 SET CHARACTER_SET_CLIENT=@OLD_CHARACTER_SET_CLIENT */;
